run_id,timestamp,environment_tier,machine_name,workload,implementation,backend,device,n,p,d,k,R,batch_R,seed,cold_time_s,warm_median_s,warm_iqr_s,host_peak_mem_mb,gpu_peak_mem_mb,validation_status,notes,profile,scenario_id,skip_reason,estimated_host_gib,estimated_gpu_gib,threads,workers,dtype,transfer_included,max_iter,separation
long_safe_20260503_190133,2026-05-03T19:01:56+0800,linux_server_a100,BI103202,kmeans,kmeans_a100,jax,a100,100000,,10,5,,,0,3.754894560202956,0.38018816197291017,0.025378400459885597,,581.0,pass,inertia=932946; gpu_before_mb=0.0,long_safe,kmeans_a100__d-10__dtype-float32__estimated_gpu_gib-0.021__estimated_host_gib-0.007__k-5__max_iter-20__n-100000__profile-long_safe__repeat-3__run_id-long_safe_20260503_190133__seed-0__transfer_included-True,,0.007,0.021,,,float32,True,20,
long_safe_20260503_190133,2026-05-03T19:02:03+0800,linux_server_a100,BI103202,kmeans,kmeans_a100,jax,a100,100000,,10,5,,,1,4.062648772727698,0.47627884708344936,0.00992497568950057,,581.0,pass,inertia=942966; gpu_before_mb=0.0,long_safe,kmeans_a100__d-10__dtype-float32__estimated_gpu_gib-0.021__estimated_host_gib-0.007__k-5__max_iter-20__n-100000__profile-long_safe__repeat-3__run_id-long_safe_20260503_190133__seed-1__transfer_included-True,,0.007,0.021,,,float32,True,20,
long_safe_20260503_190133,2026-05-03T19:02:11+0800,linux_server_a100,BI103202,kmeans,kmeans_a100,jax,a100,100000,,10,5,,,2,4.120454655960202,0.4204287938773632,0.01325666788034141,,581.0,pass,inertia=926920; gpu_before_mb=0.0,long_safe,kmeans_a100__d-10__dtype-float32__estimated_gpu_gib-0.021__estimated_host_gib-0.007__k-5__max_iter-20__n-100000__profile-long_safe__repeat-3__run_id-long_safe_20260503_190133__seed-2__transfer_included-True,,0.007,0.021,,,float32,True,20,
long_safe_20260503_190133,2026-05-03T19:02:18+0800,linux_server_a100,BI103202,kmeans,kmeans_a100,jax,a100,100000,,10,20,,,0,3.3588528758846223,0.38706615287810564,0.02610627794638276,,581.0,pass,inertia=812298; gpu_before_mb=0.0,long_safe,kmeans_a100__d-10__dtype-float32__estimated_gpu_gib-0.052__estimated_host_gib-0.007__k-20__max_iter-20__n-100000__profile-long_safe__repeat-3__run_id-long_safe_20260503_190133__seed-0__transfer_included-True,,0.007,0.052,,,float32,True,20,
long_safe_20260503_190133,2026-05-03T19:02:25+0800,linux_server_a100,BI103202,kmeans,kmeans_a100,jax,a100,100000,,10,20,,,1,4.082234544213861,0.37007559835910797,0.007836559321731329,,581.0,pass,inertia=830762; gpu_before_mb=0.0,long_safe,kmeans_a100__d-10__dtype-float32__estimated_gpu_gib-0.052__estimated_host_gib-0.007__k-20__max_iter-20__n-100000__profile-long_safe__repeat-3__run_id-long_safe_20260503_190133__seed-1__transfer_included-True,,0.007,0.052,,,float32,True,20,
long_safe_20260503_190133,2026-05-03T19:02:33+0800,linux_server_a100,BI103202,kmeans,kmeans_a100,jax,a100,100000,,10,20,,,2,4.201435619033873,0.48042217222973704,0.022856005001813173,,581.0,pass,inertia=833958; gpu_before_mb=0.0,long_safe,kmeans_a100__d-10__dtype-float32__estimated_gpu_gib-0.052__estimated_host_gib-0.007__k-20__max_iter-20__n-100000__profile-long_safe__repeat-3__run_id-long_safe_20260503_190133__seed-2__transfer_included-True,,0.007,0.052,,,float32,True,20,
long_safe_20260503_190133,2026-05-03T19:02:41+0800,linux_server_a100,BI103202,kmeans,kmeans_a100,jax,a100,100000,,10,50,,,0,4.058479448780417,0.4486255249939859,0.03036373993381858,,581.0,pass,inertia=736819; gpu_before_mb=0.0,long_safe,kmeans_a100__d-10__dtype-float32__estimated_gpu_gib-0.115__estimated_host_gib-0.007__k-50__max_iter-20__n-100000__profile-long_safe__repeat-3__run_id-long_safe_20260503_190133__seed-0__transfer_included-True,,0.007,0.115,,,float32,True,20,
long_safe_20260503_190133,2026-05-03T19:02:48+0800,linux_server_a100,BI103202,kmeans,kmeans_a100,jax,a100,100000,,10,50,,,1,4.138775476254523,0.47046811832115054,0.018661243375390768,,581.0,pass,inertia=728816; gpu_before_mb=0.0,long_safe,kmeans_a100__d-10__dtype-float32__estimated_gpu_gib-0.115__estimated_host_gib-0.007__k-50__max_iter-20__n-100000__profile-long_safe__repeat-3__run_id-long_safe_20260503_190133__seed-1__transfer_included-True,,0.007,0.115,,,float32,True,20,
long_safe_20260503_190133,2026-05-03T19:02:56+0800,linux_server_a100,BI103202,kmeans,kmeans_a100,jax,a100,100000,,10,50,,,2,3.8451392468996346,0.4421270410530269,0.011423948919400573,,581.0,pass,inertia=742801; gpu_before_mb=0.0,long_safe,kmeans_a100__d-10__dtype-float32__estimated_gpu_gib-0.115__estimated_host_gib-0.007__k-50__max_iter-20__n-100000__profile-long_safe__repeat-3__run_id-long_safe_20260503_190133__seed-2__transfer_included-True,,0.007,0.115,,,float32,True,20,
long_safe_20260503_190133,2026-05-03T19:03:05+0800,linux_server_a100,BI103202,kmeans,kmeans_a100,jax,a100,100000,,64,5,,,0,3.9623080901801586,0.893422856926918,0.022131967591121793,,701.0,pass,inertia=6.33241e+06; gpu_before_mb=0.0,long_safe,kmeans_a100__d-64__dtype-float32__estimated_gpu_gib-0.077__estimated_host_gib-0.048__k-5__max_iter-20__n-100000__profile-long_safe__repeat-3__run_id-long_safe_20260503_190133__seed-0__transfer_included-True,,0.048,0.077,,,float32,True,20,
long_safe_20260503_190133,2026-05-03T19:03:13+0800,linux_server_a100,BI103202,kmeans,kmeans_a100,jax,a100,100000,,64,5,,,1,3.807374846190214,0.5846396549604833,0.037816967349499464,,701.0,pass,inertia=6.33421e+06; gpu_before_mb=0.0,long_safe,kmeans_a100__d-64__dtype-float32__estimated_gpu_gib-0.077__estimated_host_gib-0.048__k-5__max_iter-20__n-100000__profile-long_safe__repeat-3__run_id-long_safe_20260503_190133__seed-1__transfer_included-True,,0.048,0.077,,,float32,True,20,
long_safe_20260503_190133,2026-05-03T19:03:21+0800,linux_server_a100,BI103202,kmeans,kmeans_a100,jax,a100,100000,,64,5,,,2,4.069243128877133,0.6894215610809624,0.08007385302335024,,701.0,pass,inertia=6.34251e+06; gpu_before_mb=0.0,long_safe,kmeans_a100__d-64__dtype-float32__estimated_gpu_gib-0.077__estimated_host_gib-0.048__k-5__max_iter-20__n-100000__profile-long_safe__repeat-3__run_id-long_safe_20260503_190133__seed-2__transfer_included-True,,0.048,0.077,,,float32,True,20,
long_safe_20260503_190133,2026-05-03T19:03:32+0800,linux_server_a100,BI103202,kmeans,kmeans_a100,jax,a100,100000,,64,20,,,0,4.778138896916062,0.755870136898011,0.09339937032200396,,701.0,pass,inertia=6.24212e+06; gpu_before_mb=0.0,long_safe,kmeans_a100__d-64__dtype-float32__estimated_gpu_gib-0.108__estimated_host_gib-0.048__k-20__max_iter-20__n-100000__profile-long_safe__repeat-3__run_id-long_safe_20260503_190133__seed-0__transfer_included-True,,0.048,0.108,,,float32,True,20,
long_safe_20260503_190133,2026-05-03T19:03:41+0800,linux_server_a100,BI103202,kmeans,kmeans_a100,jax,a100,100000,,64,20,,,1,4.164315420202911,0.679936358705163,0.04511414282023907,,701.0,pass,inertia=6.25237e+06; gpu_before_mb=0.0,long_safe,kmeans_a100__d-64__dtype-float32__estimated_gpu_gib-0.108__estimated_host_gib-0.048__k-20__max_iter-20__n-100000__profile-long_safe__repeat-3__run_id-long_safe_20260503_190133__seed-1__transfer_included-True,,0.048,0.108,,,float32,True,20,
long_safe_20260503_190133,2026-05-03T19:03:49+0800,linux_server_a100,BI103202,kmeans,kmeans_a100,jax,a100,100000,,64,20,,,2,3.5887843100354075,0.7136273100040853,0.03496693982742727,,701.0,pass,inertia=6.25067e+06; gpu_before_mb=0.0,long_safe,kmeans_a100__d-64__dtype-float32__estimated_gpu_gib-0.108__estimated_host_gib-0.048__k-20__max_iter-20__n-100000__profile-long_safe__repeat-3__run_id-long_safe_20260503_190133__seed-2__transfer_included-True,,0.048,0.108,,,float32,True,20,
long_safe_20260503_190133,2026-05-03T19:03:58+0800,linux_server_a100,BI103202,kmeans,kmeans_a100,jax,a100,100000,,64,50,,,0,4.533481658902019,0.8752286308445036,0.07503983937203884,,701.0,pass,inertia=6.17251e+06; gpu_before_mb=0.0,long_safe,kmeans_a100__d-64__dtype-float32__estimated_gpu_gib-0.171__estimated_host_gib-0.048__k-50__max_iter-20__n-100000__profile-long_safe__repeat-3__run_id-long_safe_20260503_190133__seed-0__transfer_included-True,,0.048,0.171,,,float32,True,20,
long_safe_20260503_190133,2026-05-03T19:04:08+0800,linux_server_a100,BI103202,kmeans,kmeans_a100,jax,a100,100000,,64,50,,,1,4.745592579245567,1.0685391072183847,0.06742261303588748,,701.0,pass,inertia=6.16679e+06; gpu_before_mb=0.0,long_safe,kmeans_a100__d-64__dtype-float32__estimated_gpu_gib-0.171__estimated_host_gib-0.048__k-50__max_iter-20__n-100000__profile-long_safe__repeat-3__run_id-long_safe_20260503_190133__seed-1__transfer_included-True,,0.048,0.171,,,float32,True,20,
long_safe_20260503_190133,2026-05-03T19:04:17+0800,linux_server_a100,BI103202,kmeans,kmeans_a100,jax,a100,100000,,64,50,,,2,3.6799333817325532,0.6954952161759138,0.01898338203318417,,701.0,pass,inertia=6.17699e+06; gpu_before_mb=0.0,long_safe,kmeans_a100__d-64__dtype-float32__estimated_gpu_gib-0.171__estimated_host_gib-0.048__k-50__max_iter-20__n-100000__profile-long_safe__repeat-3__run_id-long_safe_20260503_190133__seed-2__transfer_included-True,,0.048,0.171,,,float32,True,20,
long_safe_20260503_190133,2026-05-03T19:04:34+0800,linux_server_a100,BI103202,kmeans,kmeans_a100,jax,a100,100000,,256,5,,,0,6.498804842121899,2.9648391511291265,0.09820694010704756,,957.0,pass,inertia=2.55281e+07; gpu_before_mb=0.0,long_safe,kmeans_a100__d-256__dtype-float32__estimated_gpu_gib-0.277__estimated_host_gib-0.191__k-5__max_iter-20__n-100000__profile-long_safe__repeat-3__run_id-long_safe_20260503_190133__seed-0__transfer_included-True,,0.191,0.277,,,float32,True,20,
long_safe_20260503_190133,2026-05-03T19:04:55+0800,linux_server_a100,BI103202,kmeans,kmeans_a100,jax,a100,100000,,256,5,,,1,7.294686001259834,3.4485052758827806,0.44430866395123303,,957.0,pass,inertia=2.55268e+07; gpu_before_mb=0.0,long_safe,kmeans_a100__d-256__dtype-float32__estimated_gpu_gib-0.277__estimated_host_gib-0.191__k-5__max_iter-20__n-100000__profile-long_safe__repeat-3__run_id-long_safe_20260503_190133__seed-1__transfer_included-True,,0.191,0.277,,,float32,True,20,
long_safe_20260503_190133,2026-05-03T19:05:16+0800,linux_server_a100,BI103202,kmeans,kmeans_a100,jax,a100,100000,,256,5,,,2,6.755341020878404,3.899205940309912,0.2763756224885583,,957.0,pass,inertia=2.55262e+07; gpu_before_mb=0.0,long_safe,kmeans_a100__d-256__dtype-float32__estimated_gpu_gib-0.277__estimated_host_gib-0.191__k-5__max_iter-20__n-100000__profile-long_safe__repeat-3__run_id-long_safe_20260503_190133__seed-2__transfer_included-True,,0.191,0.277,,,float32,True,20,
long_safe_20260503_190133,2026-05-03T19:05:36+0800,linux_server_a100,BI103202,kmeans,kmeans_a100,jax,a100,100000,,256,20,,,0,7.331259850412607,3.415719039272517,0.19161534146405756,,957.0,pass,inertia=2.5463e+07; gpu_before_mb=0.0,long_safe,kmeans_a100__d-256__dtype-float32__estimated_gpu_gib-0.309__estimated_host_gib-0.191__k-20__max_iter-20__n-100000__profile-long_safe__repeat-3__run_id-long_safe_20260503_190133__seed-0__transfer_included-True,,0.191,0.309,,,float32,True,20,
long_safe_20260503_190133,2026-05-03T19:05:55+0800,linux_server_a100,BI103202,kmeans,kmeans_a100,jax,a100,100000,,256,20,,,1,6.946890249848366,3.118168279994279,0.10265203728340566,,957.0,pass,inertia=2.54735e+07; gpu_before_mb=0.0,long_safe,kmeans_a100__d-256__dtype-float32__estimated_gpu_gib-0.309__estimated_host_gib-0.191__k-20__max_iter-20__n-100000__profile-long_safe__repeat-3__run_id-long_safe_20260503_190133__seed-1__transfer_included-True,,0.191,0.309,,,float32,True,20,
long_safe_20260503_190133,2026-05-03T19:06:15+0800,linux_server_a100,BI103202,kmeans,kmeans_a100,jax,a100,100000,,256,20,,,2,7.274853443726897,3.486215685028583,0.1143994415178895,,957.0,pass,inertia=2.54821e+07; gpu_before_mb=0.0,long_safe,kmeans_a100__d-256__dtype-float32__estimated_gpu_gib-0.309__estimated_host_gib-0.191__k-20__max_iter-20__n-100000__profile-long_safe__repeat-3__run_id-long_safe_20260503_190133__seed-2__transfer_included-True,,0.191,0.309,,,float32,True,20,
long_safe_20260503_190133,2026-05-03T19:06:37+0800,linux_server_a100,BI103202,kmeans,kmeans_a100,jax,a100,100000,,256,50,,,0,7.981041242834181,3.6692287451587617,0.04592180787585676,,957.0,pass,inertia=2.53649e+07; gpu_before_mb=0.0,long_safe,kmeans_a100__d-256__dtype-float32__estimated_gpu_gib-0.371__estimated_host_gib-0.191__k-50__max_iter-20__n-100000__profile-long_safe__repeat-3__run_id-long_safe_20260503_190133__seed-0__transfer_included-True,,0.191,0.371,,,float32,True,20,
long_safe_20260503_190133,2026-05-03T19:07:01+0800,linux_server_a100,BI103202,kmeans,kmeans_a100,jax,a100,100000,,256,50,,,1,8.25910263787955,4.36281284596771,0.07610283722169697,,957.0,pass,inertia=2.53662e+07; gpu_before_mb=0.0,long_safe,kmeans_a100__d-256__dtype-float32__estimated_gpu_gib-0.371__estimated_host_gib-0.191__k-50__max_iter-20__n-100000__profile-long_safe__repeat-3__run_id-long_safe_20260503_190133__seed-1__transfer_included-True,,0.191,0.371,,,float32,True,20,
long_safe_20260503_190133,2026-05-03T19:07:20+0800,linux_server_a100,BI103202,kmeans,kmeans_a100,jax,a100,100000,,256,50,,,2,6.755939980968833,3.321225424297154,0.1378853979986161,,957.0,pass,inertia=2.53654e+07; gpu_before_mb=0.0,long_safe,kmeans_a100__d-256__dtype-float32__estimated_gpu_gib-0.371__estimated_host_gib-0.191__k-50__max_iter-20__n-100000__profile-long_safe__repeat-3__run_id-long_safe_20260503_190133__seed-2__transfer_included-True,,0.191,0.371,,,float32,True,20,
long_safe_20260503_190133,2026-05-03T19:07:28+0800,linux_server_a100,BI103202,kmeans,kmeans_a100,jax,a100,300000,,10,5,,,0,3.9738614107482135,0.5041021197102964,0.011480866465717554,,573.0,pass,inertia=2.81955e+06; gpu_before_mb=0.0,long_safe,kmeans_a100__d-10__dtype-float32__estimated_gpu_gib-0.063__estimated_host_gib-0.022__k-5__max_iter-20__n-300000__profile-long_safe__repeat-3__run_id-long_safe_20260503_190133__seed-0__transfer_included-True,,0.022,0.063,,,float32,True,20,
long_safe_20260503_190133,2026-05-03T19:07:36+0800,linux_server_a100,BI103202,kmeans,kmeans_a100,jax,a100,300000,,10,5,,,1,4.195990824140608,0.5532340803183615,0.00944788008928299,,573.0,pass,inertia=2.87684e+06; gpu_before_mb=0.0,long_safe,kmeans_a100__d-10__dtype-float32__estimated_gpu_gib-0.063__estimated_host_gib-0.022__k-5__max_iter-20__n-300000__profile-long_safe__repeat-3__run_id-long_safe_20260503_190133__seed-1__transfer_included-True,,0.022,0.063,,,float32,True,20,
long_safe_20260503_190133,2026-05-03T19:07:44+0800,linux_server_a100,BI103202,kmeans,kmeans_a100,jax,a100,300000,,10,5,,,2,3.61231094179675,0.5435015778057277,0.025760174030438066,,573.0,pass,inertia=2.76656e+06; gpu_before_mb=0.0,long_safe,kmeans_a100__d-10__dtype-float32__estimated_gpu_gib-0.063__estimated_host_gib-0.022__k-5__max_iter-20__n-300000__profile-long_safe__repeat-3__run_id-long_safe_20260503_190133__seed-2__transfer_included-True,,0.022,0.063,,,float32,True,20,
long_safe_20260503_190133,2026-05-03T19:07:52+0800,linux_server_a100,BI103202,kmeans,kmeans_a100,jax,a100,300000,,10,20,,,0,4.12629808485508,0.6484800991602242,0.020507449517026544,,701.0,pass,inertia=2.46202e+06; gpu_before_mb=0.0,long_safe,kmeans_a100__d-10__dtype-float32__estimated_gpu_gib-0.156__estimated_host_gib-0.022__k-20__max_iter-20__n-300000__profile-long_safe__repeat-3__run_id-long_safe_20260503_190133__seed-0__transfer_included-True,,0.022,0.156,,,float32,True,20,
long_safe_20260503_190133,2026-05-03T19:07:59+0800,linux_server_a100,BI103202,kmeans,kmeans_a100,jax,a100,300000,,10,20,,,1,3.752238492015749,0.5422073458321393,0.012088189600035548,,701.0,pass,inertia=2.52644e+06; gpu_before_mb=0.0,long_safe,kmeans_a100__d-10__dtype-float32__estimated_gpu_gib-0.156__estimated_host_gib-0.022__k-20__max_iter-20__n-300000__profile-long_safe__repeat-3__run_id-long_safe_20260503_190133__seed-1__transfer_included-True,,0.022,0.156,,,float32,True,20,
long_safe_20260503_190133,2026-05-03T19:08:08+0800,linux_server_a100,BI103202,kmeans,kmeans_a100,jax,a100,300000,,10,20,,,2,3.6793857752345502,0.647844819817692,0.03133781487122178,,701.0,pass,inertia=2.43276e+06; gpu_before_mb=0.0,long_safe,kmeans_a100__d-10__dtype-float32__estimated_gpu_gib-0.156__estimated_host_gib-0.022__k-20__max_iter-20__n-300000__profile-long_safe__repeat-3__run_id-long_safe_20260503_190133__seed-2__transfer_included-True,,0.022,0.156,,,float32,True,20,
long_safe_20260503_190133,2026-05-03T19:08:15+0800,linux_server_a100,BI103202,kmeans,kmeans_a100,jax,a100,300000,,10,50,,,0,3.7875352716073394,0.5277367611415684,0.02882417943328619,,701.0,pass,inertia=2.19148e+06; gpu_before_mb=0.0,long_safe,kmeans_a100__d-10__dtype-float32__estimated_gpu_gib-0.344__estimated_host_gib-0.022__k-50__max_iter-20__n-300000__profile-long_safe__repeat-3__run_id-long_safe_20260503_190133__seed-0__transfer_included-True,,0.022,0.344,,,float32,True,20,
long_safe_20260503_190133,2026-05-03T19:08:24+0800,linux_server_a100,BI103202,kmeans,kmeans_a100,jax,a100,300000,,10,50,,,1,4.110308549832553,0.5833033518865705,0.01892026118002832,,701.0,pass,inertia=2.22981e+06; gpu_before_mb=0.0,long_safe,kmeans_a100__d-10__dtype-float32__estimated_gpu_gib-0.344__estimated_host_gib-0.022__k-50__max_iter-20__n-300000__profile-long_safe__repeat-3__run_id-long_safe_20260503_190133__seed-1__transfer_included-True,,0.022,0.344,,,float32,True,20,
long_safe_20260503_190133,2026-05-03T19:08:32+0800,linux_server_a100,BI103202,kmeans,kmeans_a100,jax,a100,300000,,10,50,,,2,3.6433715489692986,0.5909496848471463,0.02834942052140832,,701.0,pass,inertia=2.21061e+06; gpu_before_mb=0.0,long_safe,kmeans_a100__d-10__dtype-float32__estimated_gpu_gib-0.344__estimated_host_gib-0.022__k-50__max_iter-20__n-300000__profile-long_safe__repeat-3__run_id-long_safe_20260503_190133__seed-2__transfer_included-True,,0.022,0.344,,,float32,True,20,
long_safe_20260503_190133,2026-05-03T19:08:51+0800,linux_server_a100,BI103202,kmeans,kmeans_a100,jax,a100,300000,,64,5,,,0,6.7338016289286315,3.0710797482170165,0.047356487484648824,,957.0,pass,inertia=1.89935e+07; gpu_before_mb=0.0,long_safe,kmeans_a100__d-64__dtype-float32__estimated_gpu_gib-0.232__estimated_host_gib-0.143__k-5__max_iter-20__n-300000__profile-long_safe__repeat-3__run_id-long_safe_20260503_190133__seed-0__transfer_included-True,,0.143,0.232,,,float32,True,20,
long_safe_20260503_190133,2026-05-03T19:09:12+0800,linux_server_a100,BI103202,kmeans,kmeans_a100,jax,a100,300000,,64,5,,,1,6.955351920798421,3.6192155559547246,0.1958944529760629,,957.0,pass,inertia=1.90347e+07; gpu_before_mb=0.0,long_safe,kmeans_a100__d-64__dtype-float32__estimated_gpu_gib-0.232__estimated_host_gib-0.143__k-5__max_iter-20__n-300000__profile-long_safe__repeat-3__run_id-long_safe_20260503_190133__seed-1__transfer_included-True,,0.143,0.232,,,float32,True,20,
long_safe_20260503_190133,2026-05-03T19:09:28+0800,linux_server_a100,BI103202,kmeans,kmeans_a100,jax,a100,300000,,64,5,,,2,5.623428042978048,2.488221385050565,0.09808061877265573,,957.0,pass,inertia=1.89955e+07; gpu_before_mb=0.0,long_safe,kmeans_a100__d-64__dtype-float32__estimated_gpu_gib-0.232__estimated_host_gib-0.143__k-5__max_iter-20__n-300000__profile-long_safe__repeat-3__run_id-long_safe_20260503_190133__seed-2__transfer_included-True,,0.143,0.232,,,float32,True,20,
long_safe_20260503_190133,2026-05-03T19:09:44+0800,linux_server_a100,BI103202,kmeans,kmeans_a100,jax,a100,300000,,64,20,,,0,6.781277218833566,2.182315277867019,0.1896644129883498,,957.0,pass,inertia=1.87212e+07; gpu_before_mb=0.0,long_safe,kmeans_a100__d-64__dtype-float32__estimated_gpu_gib-0.325__estimated_host_gib-0.143__k-20__max_iter-20__n-300000__profile-long_safe__repeat-3__run_id-long_safe_20260503_190133__seed-0__transfer_included-True,,0.143,0.325,,,float32,True,20,
long_safe_20260503_190133,2026-05-03T19:10:02+0800,linux_server_a100,BI103202,kmeans,kmeans_a100,jax,a100,300000,,64,20,,,1,6.521665815729648,3.1746561089530587,0.012339239241555333,,957.0,pass,inertia=1.87646e+07; gpu_before_mb=0.0,long_safe,kmeans_a100__d-64__dtype-float32__estimated_gpu_gib-0.325__estimated_host_gib-0.143__k-20__max_iter-20__n-300000__profile-long_safe__repeat-3__run_id-long_safe_20260503_190133__seed-1__transfer_included-True,,0.143,0.325,,,float32,True,20,
long_safe_20260503_190133,2026-05-03T19:10:19+0800,linux_server_a100,BI103202,kmeans,kmeans_a100,jax,a100,300000,,64,20,,,2,6.614414585754275,2.4553043162450194,0.04388196440413594,,957.0,pass,inertia=1.87224e+07; gpu_before_mb=0.0,long_safe,kmeans_a100__d-64__dtype-float32__estimated_gpu_gib-0.325__estimated_host_gib-0.143__k-20__max_iter-20__n-300000__profile-long_safe__repeat-3__run_id-long_safe_20260503_190133__seed-2__transfer_included-True,,0.143,0.325,,,float32,True,20,
long_safe_20260503_190133,2026-05-03T19:10:38+0800,linux_server_a100,BI103202,kmeans,kmeans_a100,jax,a100,300000,,64,50,,,0,6.438883065246046,3.298214791342616,0.22823634161613882,,957.0,pass,inertia=1.85185e+07; gpu_before_mb=0.0,long_safe,kmeans_a100__d-64__dtype-float32__estimated_gpu_gib-0.513__estimated_host_gib-0.143__k-50__max_iter-20__n-300000__profile-long_safe__repeat-3__run_id-long_safe_20260503_190133__seed-0__transfer_included-True,,0.143,0.513,,,float32,True,20,
long_safe_20260503_190133,2026-05-03T19:10:56+0800,linux_server_a100,BI103202,kmeans,kmeans_a100,jax,a100,300000,,64,50,,,1,6.473660757299513,2.8518309351056814,0.08987628389149904,,957.0,pass,inertia=1.85342e+07; gpu_before_mb=0.0,long_safe,kmeans_a100__d-64__dtype-float32__estimated_gpu_gib-0.513__estimated_host_gib-0.143__k-50__max_iter-20__n-300000__profile-long_safe__repeat-3__run_id-long_safe_20260503_190133__seed-1__transfer_included-True,,0.143,0.513,,,float32,True,20,
long_safe_20260503_190133,2026-05-03T19:11:12+0800,linux_server_a100,BI103202,kmeans,kmeans_a100,jax,a100,300000,,64,50,,,2,6.413408273365349,2.485084199346602,0.061677775578573346,,957.0,pass,inertia=1.85374e+07; gpu_before_mb=0.0,long_safe,kmeans_a100__d-64__dtype-float32__estimated_gpu_gib-0.513__estimated_host_gib-0.143__k-50__max_iter-20__n-300000__profile-long_safe__repeat-3__run_id-long_safe_20260503_190133__seed-2__transfer_included-True,,0.143,0.513,,,float32,True,20,
long_safe_20260503_190133,2026-05-03T19:11:53+0800,linux_server_a100,BI103202,kmeans,kmeans_a100,jax,a100,300000,,256,5,,,0,12.254316200967878,8.103731416165829,0.20471764029935002,,2493.0,pass,inertia=7.6605e+07; gpu_before_mb=0.0,long_safe,kmeans_a100__d-256__dtype-float32__estimated_gpu_gib-0.832__estimated_host_gib-0.572__k-5__max_iter-20__n-300000__profile-long_safe__repeat-3__run_id-long_safe_20260503_190133__seed-0__transfer_included-True,,0.572,0.832,,,float32,True,20,
long_safe_20260503_190133,2026-05-03T19:12:31+0800,linux_server_a100,BI103202,kmeans,kmeans_a100,jax,a100,300000,,256,5,,,1,11.479654748924077,7.580025057308376,0.07736686547286808,,2493.0,pass,inertia=7.66329e+07; gpu_before_mb=0.0,long_safe,kmeans_a100__d-256__dtype-float32__estimated_gpu_gib-0.832__estimated_host_gib-0.572__k-5__max_iter-20__n-300000__profile-long_safe__repeat-3__run_id-long_safe_20260503_190133__seed-1__transfer_included-True,,0.572,0.832,,,float32,True,20,
long_safe_20260503_190133,2026-05-03T19:13:13+0800,linux_server_a100,BI103202,kmeans,kmeans_a100,jax,a100,300000,,256,5,,,2,13.32572804717347,8.45365201216191,0.10806383960880339,,2493.0,pass,inertia=7.65963e+07; gpu_before_mb=0.0,long_safe,kmeans_a100__d-256__dtype-float32__estimated_gpu_gib-0.832__estimated_host_gib-0.572__k-5__max_iter-20__n-300000__profile-long_safe__repeat-3__run_id-long_safe_20260503_190133__seed-2__transfer_included-True,,0.572,0.832,,,float32,True,20,
long_safe_20260503_190133,2026-05-03T19:13:55+0800,linux_server_a100,BI103202,kmeans,kmeans_a100,jax,a100,300000,,256,20,,,0,12.366457750089467,8.105118791107088,0.2641814181115478,,2493.0,pass,inertia=7.64378e+07; gpu_before_mb=0.0,long_safe,kmeans_a100__d-256__dtype-float32__estimated_gpu_gib-0.926__estimated_host_gib-0.572__k-20__max_iter-20__n-300000__profile-long_safe__repeat-3__run_id-long_safe_20260503_190133__seed-0__transfer_included-True,,0.572,0.926,,,float32,True,20,
long_safe_20260503_190133,2026-05-03T19:14:36+0800,linux_server_a100,BI103202,kmeans,kmeans_a100,jax,a100,300000,,256,20,,,1,13.999626296106726,7.433892417699099,0.02431769948452711,,2493.0,pass,inertia=7.63928e+07; gpu_before_mb=0.0,long_safe,kmeans_a100__d-256__dtype-float32__estimated_gpu_gib-0.926__estimated_host_gib-0.572__k-20__max_iter-20__n-300000__profile-long_safe__repeat-3__run_id-long_safe_20260503_190133__seed-1__transfer_included-True,,0.572,0.926,,,float32,True,20,
long_safe_20260503_190133,2026-05-03T19:15:17+0800,linux_server_a100,BI103202,kmeans,kmeans_a100,jax,a100,300000,,256,20,,,2,12.340145604684949,8.119501057080925,0.3293155413120985,,2493.0,pass,inertia=7.63469e+07; gpu_before_mb=0.0,long_safe,kmeans_a100__d-256__dtype-float32__estimated_gpu_gib-0.926__estimated_host_gib-0.572__k-20__max_iter-20__n-300000__profile-long_safe__repeat-3__run_id-long_safe_20260503_190133__seed-2__transfer_included-True,,0.572,0.926,,,float32,True,20,
long_safe_20260503_190133,2026-05-03T19:16:03+0800,linux_server_a100,BI103202,kmeans,kmeans_a100,jax,a100,300000,,256,50,,,0,13.63285897905007,9.750065164174885,0.3159183724783361,,2921.0,pass,inertia=7.62356e+07; gpu_before_mb=0.0,long_safe,kmeans_a100__d-256__dtype-float32__estimated_gpu_gib-1.114__estimated_host_gib-0.572__k-50__max_iter-20__n-300000__profile-long_safe__repeat-3__run_id-long_safe_20260503_190133__seed-0__transfer_included-True,,0.572,1.114,,,float32,True,20,
long_safe_20260503_190133,2026-05-03T19:18:20+0800,linux_server_a100,BI103202,kmeans,kmeans_a100,jax,a100,300000,,256,50,,,1,14.94394259992987,10.973934261128306,0.7950541181489825,,2493.0,pass,inertia=7.62368e+07; gpu_before_mb=0.0,long_safe,kmeans_a100__d-256__dtype-float32__estimated_gpu_gib-1.114__estimated_host_gib-0.572__k-50__max_iter-20__n-300000__profile-long_safe__repeat-3__run_id-long_safe_20260503_190133__seed-1__transfer_included-True,,0.572,1.114,,,float32,True,20,
long_safe_20260503_190133,2026-05-03T19:19:19+0800,linux_server_a100,BI103202,kmeans,kmeans_a100,jax,a100,300000,,256,50,,,2,17.98239676700905,11.09531263075769,0.46137116430327296,,2493.0,pass,inertia=7.6232e+07; gpu_before_mb=0.0,long_safe,kmeans_a100__d-256__dtype-float32__estimated_gpu_gib-1.114__estimated_host_gib-0.572__k-50__max_iter-20__n-300000__profile-long_safe__repeat-3__run_id-long_safe_20260503_190133__seed-2__transfer_included-True,,0.572,1.114,,,float32,True,20,
long_safe_20260503_190133,2026-05-03T19:19:34+0800,linux_server_a100,BI103202,kmeans,kmeans_a100,jax,a100,1000000,,10,5,,,0,5.6159944869577885,1.7197689330205321,0.060357026755809784,,957.0,pass,inertia=9.18935e+06; gpu_before_mb=0.0,long_safe,kmeans_a100__d-10__dtype-float32__estimated_gpu_gib-0.209__estimated_host_gib-0.075__k-5__max_iter-20__n-1000000__profile-long_safe__repeat-3__run_id-long_safe_20260503_190133__seed-0__transfer_included-True,,0.075,0.209,,,float32,True,20,
long_safe_20260503_190133,2026-05-03T19:19:50+0800,linux_server_a100,BI103202,kmeans,kmeans_a100,jax,a100,1000000,,10,5,,,1,5.464583838824183,1.9878126452676952,0.13272725488059223,,957.0,pass,inertia=9.06881e+06; gpu_before_mb=0.0,long_safe,kmeans_a100__d-10__dtype-float32__estimated_gpu_gib-0.209__estimated_host_gib-0.075__k-5__max_iter-20__n-1000000__profile-long_safe__repeat-3__run_id-long_safe_20260503_190133__seed-1__transfer_included-True,,0.075,0.209,,,float32,True,20,
long_safe_20260503_190133,2026-05-03T19:20:04+0800,linux_server_a100,BI103202,kmeans,kmeans_a100,jax,a100,1000000,,10,5,,,2,5.664503187406808,1.4330357178114355,0.02206720318645239,,957.0,pass,inertia=9.26624e+06; gpu_before_mb=0.0,long_safe,kmeans_a100__d-10__dtype-float32__estimated_gpu_gib-0.209__estimated_host_gib-0.075__k-5__max_iter-20__n-1000000__profile-long_safe__repeat-3__run_id-long_safe_20260503_190133__seed-2__transfer_included-True,,0.075,0.209,,,float32,True,20,
long_safe_20260503_190133,2026-05-03T19:20:20+0800,linux_server_a100,BI103202,kmeans,kmeans_a100,jax,a100,1000000,,10,20,,,0,5.067958221305162,1.4917604941874743,0.011039282428100705,,957.0,pass,inertia=8.3226e+06; gpu_before_mb=0.0,long_safe,kmeans_a100__d-10__dtype-float32__estimated_gpu_gib-0.522__estimated_host_gib-0.075__k-20__max_iter-20__n-1000000__profile-long_safe__repeat-3__run_id-long_safe_20260503_190133__seed-0__transfer_included-True,,0.075,0.522,,,float32,True,20,
long_safe_20260503_190133,2026-05-03T19:20:34+0800,linux_server_a100,BI103202,kmeans,kmeans_a100,jax,a100,1000000,,10,20,,,1,4.925709186121821,1.3735297289676964,0.03852449567057192,,957.0,pass,inertia=8.14875e+06; gpu_before_mb=0.0,long_safe,kmeans_a100__d-10__dtype-float32__estimated_gpu_gib-0.522__estimated_host_gib-0.075__k-20__max_iter-20__n-1000000__profile-long_safe__repeat-3__run_id-long_safe_20260503_190133__seed-1__transfer_included-True,,0.075,0.522,,,float32,True,20,
long_safe_20260503_190133,2026-05-03T19:20:50+0800,linux_server_a100,BI103202,kmeans,kmeans_a100,jax,a100,1000000,,10,20,,,2,4.9334361352957785,1.4460974321700633,0.018963691778481007,,957.0,pass,inertia=8.28565e+06; gpu_before_mb=0.0,long_safe,kmeans_a100__d-10__dtype-float32__estimated_gpu_gib-0.522__estimated_host_gib-0.075__k-20__max_iter-20__n-1000000__profile-long_safe__repeat-3__run_id-long_safe_20260503_190133__seed-2__transfer_included-True,,0.075,0.522,,,float32,True,20,
long_safe_20260503_190133,2026-05-03T19:21:04+0800,linux_server_a100,BI103202,kmeans,kmeans_a100,jax,a100,1000000,,10,50,,,0,5.1866886438801885,1.3385026124306023,0.0863505236338824,,1469.0,pass,inertia=7.55216e+06; gpu_before_mb=0.0,long_safe,kmeans_a100__d-10__dtype-float32__estimated_gpu_gib-1.147__estimated_host_gib-0.075__k-50__max_iter-20__n-1000000__profile-long_safe__repeat-3__run_id-long_safe_20260503_190133__seed-0__transfer_included-True,,0.075,1.147,,,float32,True,20,
long_safe_20260503_190133,2026-05-03T19:21:22+0800,linux_server_a100,BI103202,kmeans,kmeans_a100,jax,a100,1000000,,10,50,,,1,5.343826589174569,1.6492403470911086,0.05351802450604737,,1469.0,pass,inertia=7.38502e+06; gpu_before_mb=0.0,long_safe,kmeans_a100__d-10__dtype-float32__estimated_gpu_gib-1.147__estimated_host_gib-0.075__k-50__max_iter-20__n-1000000__profile-long_safe__repeat-3__run_id-long_safe_20260503_190133__seed-1__transfer_included-True,,0.075,1.147,,,float32,True,20,
long_safe_20260503_190133,2026-05-03T19:21:37+0800,linux_server_a100,BI103202,kmeans,kmeans_a100,jax,a100,1000000,,10,50,,,2,5.434728717897087,1.7520923051051795,0.012913584476336837,,1469.0,pass,inertia=7.30304e+06; gpu_before_mb=0.0,long_safe,kmeans_a100__d-10__dtype-float32__estimated_gpu_gib-1.147__estimated_host_gib-0.075__k-50__max_iter-20__n-1000000__profile-long_safe__repeat-3__run_id-long_safe_20260503_190133__seed-2__transfer_included-True,,0.075,1.147,,,float32,True,20,
long_safe_20260503_190133,2026-05-03T19:22:13+0800,linux_server_a100,BI103202,kmeans,kmeans_a100,jax,a100,1000000,,64,5,,,0,10.087603033985943,6.607253788039088,0.13053025607950985,,1469.0,pass,inertia=6.33814e+07; gpu_before_mb=0.0,long_safe,kmeans_a100__d-64__dtype-float32__estimated_gpu_gib-0.772__estimated_host_gib-0.477__k-5__max_iter-20__n-1000000__profile-long_safe__repeat-3__run_id-long_safe_20260503_190133__seed-0__transfer_included-True,,0.477,0.772,,,float32,True,20,
long_safe_20260503_190133,2026-05-03T19:22:50+0800,linux_server_a100,BI103202,kmeans,kmeans_a100,jax,a100,1000000,,64,5,,,1,11.477041389793158,6.965418092906475,0.2171214499976486,,1469.0,pass,inertia=6.33656e+07; gpu_before_mb=0.0,long_safe,kmeans_a100__d-64__dtype-float32__estimated_gpu_gib-0.772__estimated_host_gib-0.477__k-5__max_iter-20__n-1000000__profile-long_safe__repeat-3__run_id-long_safe_20260503_190133__seed-1__transfer_included-True,,0.477,0.772,,,float32,True,20,
long_safe_20260503_190133,2026-05-03T19:23:33+0800,linux_server_a100,BI103202,kmeans,kmeans_a100,jax,a100,1000000,,64,5,,,2,12.187497408129275,9.020416161976755,0.22225271235220134,,1469.0,pass,inertia=6.33774e+07; gpu_before_mb=0.0,long_safe,kmeans_a100__d-64__dtype-float32__estimated_gpu_gib-0.772__estimated_host_gib-0.477__k-5__max_iter-20__n-1000000__profile-long_safe__repeat-3__run_id-long_safe_20260503_190133__seed-2__transfer_included-True,,0.477,0.772,,,float32,True,20,
long_safe_20260503_190133,2026-05-03T19:24:28+0800,linux_server_a100,BI103202,kmeans,kmeans_a100,jax,a100,1000000,,64,20,,,0,13.952512042131275,11.501886887010187,0.833540515974164,,1469.0,pass,inertia=6.25239e+07; gpu_before_mb=0.0,long_safe,kmeans_a100__d-64__dtype-float32__estimated_gpu_gib-1.085__estimated_host_gib-0.477__k-20__max_iter-20__n-1000000__profile-long_safe__repeat-3__run_id-long_safe_20260503_190133__seed-0__transfer_included-True,,0.477,1.085,,,float32,True,20,
long_safe_20260503_190133,2026-05-03T19:25:08+0800,linux_server_a100,BI103202,kmeans,kmeans_a100,jax,a100,1000000,,64,20,,,1,11.233947079163045,7.424400046933442,0.4713577583897859,,1469.0,pass,inertia=6.24959e+07; gpu_before_mb=0.0,long_safe,kmeans_a100__d-64__dtype-float32__estimated_gpu_gib-1.085__estimated_host_gib-0.477__k-20__max_iter-20__n-1000000__profile-long_safe__repeat-3__run_id-long_safe_20260503_190133__seed-1__transfer_included-True,,0.477,1.085,,,float32,True,20,
long_safe_20260503_190133,2026-05-03T19:25:50+0800,linux_server_a100,BI103202,kmeans,kmeans_a100,jax,a100,1000000,,64,20,,,2,11.809117717668414,7.618361746892333,0.29569478891789913,,1469.0,pass,inertia=6.25748e+07; gpu_before_mb=0.0,long_safe,kmeans_a100__d-64__dtype-float32__estimated_gpu_gib-1.085__estimated_host_gib-0.477__k-20__max_iter-20__n-1000000__profile-long_safe__repeat-3__run_id-long_safe_20260503_190133__seed-2__transfer_included-True,,0.477,1.085,,,float32,True,20,
long_safe_20260503_190133,2026-05-03T19:26:29+0800,linux_server_a100,BI103202,kmeans,kmeans_a100,jax,a100,1000000,,64,50,,,0,11.46262831799686,7.354295678902417,0.16199943237006664,,2493.0,pass,inertia=6.18433e+07; gpu_before_mb=0.0,long_safe,kmeans_a100__d-64__dtype-float32__estimated_gpu_gib-1.711__estimated_host_gib-0.477__k-50__max_iter-20__n-1000000__profile-long_safe__repeat-3__run_id-long_safe_20260503_190133__seed-0__transfer_included-True,,0.477,1.711,,,float32,True,20,
long_safe_20260503_190133,2026-05-03T19:27:07+0800,linux_server_a100,BI103202,kmeans,kmeans_a100,jax,a100,1000000,,64,50,,,1,10.522611145861447,7.0779845318757,0.14531218307092786,,2493.0,pass,inertia=6.17362e+07; gpu_before_mb=0.0,long_safe,kmeans_a100__d-64__dtype-float32__estimated_gpu_gib-1.711__estimated_host_gib-0.477__k-50__max_iter-20__n-1000000__profile-long_safe__repeat-3__run_id-long_safe_20260503_190133__seed-1__transfer_included-True,,0.477,1.711,,,float32,True,20,
long_safe_20260503_190133,2026-05-03T19:27:41+0800,linux_server_a100,BI103202,kmeans,kmeans_a100,jax,a100,1000000,,64,50,,,2,10.096673141233623,6.2935710260644555,0.2671913478989154,,2493.0,pass,inertia=6.17172e+07; gpu_before_mb=0.0,long_safe,kmeans_a100__d-64__dtype-float32__estimated_gpu_gib-1.711__estimated_host_gib-0.477__k-50__max_iter-20__n-1000000__profile-long_safe__repeat-3__run_id-long_safe_20260503_190133__seed-2__transfer_included-True,,0.477,1.711,,,float32,True,20,
long_safe_20260503_190133,2026-05-03T19:29:30+0800,linux_server_a100,BI103202,kmeans,kmeans_a100,jax,a100,1000000,,256,5,,,0,27.052051168400794,24.112704945728183,0.3483945878688246,,4545.0,pass,inertia=2.55434e+08; gpu_before_mb=0.0,long_safe,kmeans_a100__d-256__dtype-float32__estimated_gpu_gib-2.775__estimated_host_gib-1.907__k-5__max_iter-20__n-1000000__profile-long_safe__repeat-3__run_id-long_safe_20260503_190133__seed-0__transfer_included-True,,1.907,2.775,,,float32,True,20,
long_safe_20260503_190133,2026-05-03T19:32:35+0800,linux_server_a100,BI103202,kmeans,kmeans_a100,jax,a100,1000000,,256,5,,,1,37.1708893221803,44.22083676606417,3.4464868700597435,,4545.0,pass,inertia=2.55387e+08; gpu_before_mb=0.0,long_safe,kmeans_a100__d-256__dtype-float32__estimated_gpu_gib-2.775__estimated_host_gib-1.907__k-5__max_iter-20__n-1000000__profile-long_safe__repeat-3__run_id-long_safe_20260503_190133__seed-1__transfer_included-True,,1.907,2.775,,,float32,True,20,
long_safe_20260503_190133,2026-05-03T19:35:33+0800,linux_server_a100,BI103202,kmeans,kmeans_a100,jax,a100,1000000,,256,5,,,2,41.15495034493506,40.52719818102196,4.001999773783609,,4545.0,pass,inertia=2.55316e+08; gpu_before_mb=0.0,long_safe,kmeans_a100__d-256__dtype-float32__estimated_gpu_gib-2.775__estimated_host_gib-1.907__k-5__max_iter-20__n-1000000__profile-long_safe__repeat-3__run_id-long_safe_20260503_190133__seed-2__transfer_included-True,,1.907,2.775,,,float32,True,20,
long_safe_20260503_190133,2026-05-03T19:38:32+0800,linux_server_a100,BI103202,kmeans,kmeans_a100,jax,a100,1000000,,256,20,,,0,48.09898433089256,40.2895211330615,0.48779163183644414,,4545.0,pass,inertia=2.5463e+08; gpu_before_mb=0.0,long_safe,kmeans_a100__d-256__dtype-float32__estimated_gpu_gib-3.088__estimated_host_gib-1.907__k-20__max_iter-20__n-1000000__profile-long_safe__repeat-3__run_id-long_safe_20260503_190133__seed-0__transfer_included-True,,1.907,3.088,,,float32,True,20,
long_safe_20260503_190133,2026-05-03T19:44:48+0800,linux_server_a100,BI103202,kmeans,kmeans_a100,jax,a100,1000000,,256,20,,,1,36.683919097296894,29.95187847316265,2.6239613061770797,,4545.0,pass,inertia=2.54602e+08; gpu_before_mb=0.0,long_safe,kmeans_a100__d-256__dtype-float32__estimated_gpu_gib-3.088__estimated_host_gib-1.907__k-20__max_iter-20__n-1000000__profile-long_safe__repeat-3__run_id-long_safe_20260503_190133__seed-1__transfer_included-True,,1.907,3.088,,,float32,True,20,
long_safe_20260503_190133,2026-05-03T19:46:49+0800,linux_server_a100,BI103202,kmeans,kmeans_a100,jax,a100,1000000,,256,20,,,2,31.547074207104743,26.419876819010824,0.7434307269286364,,4545.0,pass,inertia=2.54376e+08; gpu_before_mb=0.0,long_safe,kmeans_a100__d-256__dtype-float32__estimated_gpu_gib-3.088__estimated_host_gib-1.907__k-20__max_iter-20__n-1000000__profile-long_safe__repeat-3__run_id-long_safe_20260503_190133__seed-2__transfer_included-True,,1.907,3.088,,,float32,True,20,
long_safe_20260503_190133,2026-05-03T19:48:51+0800,linux_server_a100,BI103202,kmeans,kmeans_a100,jax,a100,1000000,,256,50,,,0,32.09848213894293,26.197639130055904,0.12707062996923923,,4545.0,pass,inertia=2.54132e+08; gpu_before_mb=0.0,long_safe,kmeans_a100__d-256__dtype-float32__estimated_gpu_gib-3.714__estimated_host_gib-1.907__k-50__max_iter-20__n-1000000__profile-long_safe__repeat-3__run_id-long_safe_20260503_190133__seed-0__transfer_included-True,,1.907,3.714,,,float32,True,20,
long_safe_20260503_190133,2026-05-03T19:52:16+0800,linux_server_a100,BI103202,kmeans,kmeans_a100,jax,a100,1000000,,256,50,,,1,58.60659640002996,45.96835590340197,2.244499050080776,,4545.0,pass,inertia=2.54138e+08; gpu_before_mb=0.0,long_safe,kmeans_a100__d-256__dtype-float32__estimated_gpu_gib-3.714__estimated_host_gib-1.907__k-50__max_iter-20__n-1000000__profile-long_safe__repeat-3__run_id-long_safe_20260503_190133__seed-1__transfer_included-True,,1.907,3.714,,,float32,True,20,
long_safe_20260503_190133,2026-05-03T19:54:48+0800,linux_server_a100,BI103202,kmeans,kmeans_a100,jax,a100,1000000,,256,50,,,2,35.55867362907156,36.86772305332124,3.374007584527135,,4545.0,pass,inertia=2.54119e+08; gpu_before_mb=0.0,long_safe,kmeans_a100__d-256__dtype-float32__estimated_gpu_gib-3.714__estimated_host_gib-1.907__k-50__max_iter-20__n-1000000__profile-long_safe__repeat-3__run_id-long_safe_20260503_190133__seed-2__transfer_included-True,,1.907,3.714,,,float32,True,20,
long_safe_20260503_190133,2026-05-03T19:55:13+0800,linux_server_a100,BI103202,kmeans,kmeans_a100,jax,a100,3000000,,10,5,,,0,7.518975436221808,3.611536875832826,0.15306519996374846,,1469.0,pass,inertia=2.77779e+07; gpu_before_mb=0.0,long_safe,kmeans_a100__d-10__dtype-float32__estimated_gpu_gib-0.626__estimated_host_gib-0.224__k-5__max_iter-20__n-3000000__profile-long_safe__repeat-3__run_id-long_safe_20260503_190133__seed-0__transfer_included-True,,0.224,0.626,,,float32,True,20,
long_safe_20260503_190133,2026-05-03T19:55:48+0800,linux_server_a100,BI103202,kmeans,kmeans_a100,jax,a100,3000000,,10,5,,,1,9.593700250145048,5.318225163035095,1.5847467784769833,,1469.0,pass,inertia=2.82994e+07; gpu_before_mb=0.0,long_safe,kmeans_a100__d-10__dtype-float32__estimated_gpu_gib-0.626__estimated_host_gib-0.224__k-5__max_iter-20__n-3000000__profile-long_safe__repeat-3__run_id-long_safe_20260503_190133__seed-1__transfer_included-True,,0.224,0.626,,,float32,True,20,
long_safe_20260503_190133,2026-05-03T19:56:19+0800,linux_server_a100,BI103202,kmeans,kmeans_a100,jax,a100,3000000,,10,5,,,2,10.672955434769392,4.648060139268637,0.0894621058832854,,1469.0,pass,inertia=2.78028e+07; gpu_before_mb=0.0,long_safe,kmeans_a100__d-10__dtype-float32__estimated_gpu_gib-0.626__estimated_host_gib-0.224__k-5__max_iter-20__n-3000000__profile-long_safe__repeat-3__run_id-long_safe_20260503_190133__seed-2__transfer_included-True,,0.224,0.626,,,float32,True,20,
long_safe_20260503_190133,2026-05-03T19:56:52+0800,linux_server_a100,BI103202,kmeans,kmeans_a100,jax,a100,3000000,,10,20,,,0,9.943605242762715,5.807685524225235,0.7668565635103732,,1469.0,pass,inertia=2.47378e+07; gpu_before_mb=0.0,long_safe,kmeans_a100__d-10__dtype-float32__estimated_gpu_gib-1.565__estimated_host_gib-0.224__k-20__max_iter-20__n-3000000__profile-long_safe__repeat-3__run_id-long_safe_20260503_190133__seed-0__transfer_included-True,,0.224,1.565,,,float32,True,20,
long_safe_20260503_190133,2026-05-03T19:57:15+0800,linux_server_a100,BI103202,kmeans,kmeans_a100,jax,a100,3000000,,10,20,,,1,8.240416951011866,4.021768683101982,0.1325065039563924,,1469.0,pass,inertia=2.54931e+07; gpu_before_mb=0.0,long_safe,kmeans_a100__d-10__dtype-float32__estimated_gpu_gib-1.565__estimated_host_gib-0.224__k-20__max_iter-20__n-3000000__profile-long_safe__repeat-3__run_id-long_safe_20260503_190133__seed-1__transfer_included-True,,0.224,1.565,,,float32,True,20,
long_safe_20260503_190133,2026-05-03T19:57:44+0800,linux_server_a100,BI103202,kmeans,kmeans_a100,jax,a100,3000000,,10,20,,,2,10.293711849022657,3.9971117987297475,0.2060493144672364,,1469.0,pass,inertia=2.40369e+07; gpu_before_mb=0.0,long_safe,kmeans_a100__d-10__dtype-float32__estimated_gpu_gib-1.565__estimated_host_gib-0.224__k-20__max_iter-20__n-3000000__profile-long_safe__repeat-3__run_id-long_safe_20260503_190133__seed-2__transfer_included-True,,0.224,1.565,,,float32,True,20,
long_safe_20260503_190133,2026-05-03T19:58:20+0800,linux_server_a100,BI103202,kmeans,kmeans_a100,jax,a100,3000000,,10,50,,,0,11.079532808158547,5.91931006219238,0.8489314517937601,,3005.0,pass,inertia=2.21606e+07; gpu_before_mb=0.0,long_safe,kmeans_a100__d-10__dtype-float32__estimated_gpu_gib-3.442__estimated_host_gib-0.224__k-50__max_iter-20__n-3000000__profile-long_safe__repeat-3__run_id-long_safe_20260503_190133__seed-0__transfer_included-True,,0.224,3.442,,,float32,True,20,
long_safe_20260503_190133,2026-05-03T19:58:51+0800,linux_server_a100,BI103202,kmeans,kmeans_a100,jax,a100,3000000,,10,50,,,1,8.363436984363943,4.520997187122703,0.7981141768395901,,3005.0,pass,inertia=2.22756e+07; gpu_before_mb=0.0,long_safe,kmeans_a100__d-10__dtype-float32__estimated_gpu_gib-3.442__estimated_host_gib-0.224__k-50__max_iter-20__n-3000000__profile-long_safe__repeat-3__run_id-long_safe_20260503_190133__seed-1__transfer_included-True,,0.224,3.442,,,float32,True,20,
long_safe_20260503_190133,2026-05-03T19:59:18+0800,linux_server_a100,BI103202,kmeans,kmeans_a100,jax,a100,3000000,,10,50,,,2,8.267120857257396,5.189613952767104,0.16264087171293795,,3005.0,pass,inertia=2.1598e+07; gpu_before_mb=0.0,long_safe,kmeans_a100__d-10__dtype-float32__estimated_gpu_gib-3.442__estimated_host_gib-0.224__k-50__max_iter-20__n-3000000__profile-long_safe__repeat-3__run_id-long_safe_20260503_190133__seed-2__transfer_included-True,,0.224,3.442,,,float32,True,20,
long_safe_20260503_190133,2026-05-03T20:01:01+0800,linux_server_a100,BI103202,kmeans,kmeans_a100,jax,a100,3000000,,64,5,,,0,26.743540239986032,22.381977798882872,0.3503912950400263,,4543.0,pass,inertia=1.90262e+08; gpu_before_mb=0.0,long_safe,kmeans_a100__d-64__dtype-float32__estimated_gpu_gib-2.316__estimated_host_gib-1.431__k-5__max_iter-20__n-3000000__profile-long_safe__repeat-3__run_id-long_safe_20260503_190133__seed-0__transfer_included-True,,1.431,2.316,,,float32,True,20,
long_safe_20260503_190133,2026-05-03T20:02:39+0800,linux_server_a100,BI103202,kmeans,kmeans_a100,jax,a100,3000000,,64,5,,,1,30.847351565025747,18.608581085223705,1.2353939528111368,,4543.0,pass,inertia=1.90132e+08; gpu_before_mb=0.0,long_safe,kmeans_a100__d-64__dtype-float32__estimated_gpu_gib-2.316__estimated_host_gib-1.431__k-5__max_iter-20__n-3000000__profile-long_safe__repeat-3__run_id-long_safe_20260503_190133__seed-1__transfer_included-True,,1.431,2.316,,,float32,True,20,
long_safe_20260503_190133,2026-05-03T20:04:20+0800,linux_server_a100,BI103202,kmeans,kmeans_a100,jax,a100,3000000,,64,5,,,2,30.74687306024134,19.2634390569292,0.5534619444515556,,4543.0,pass,inertia=1.8969e+08; gpu_before_mb=0.0,long_safe,kmeans_a100__d-64__dtype-float32__estimated_gpu_gib-2.316__estimated_host_gib-1.431__k-5__max_iter-20__n-3000000__profile-long_safe__repeat-3__run_id-long_safe_20260503_190133__seed-2__transfer_included-True,,1.431,2.316,,,float32,True,20,
long_safe_20260503_190133,2026-05-03T20:06:02+0800,linux_server_a100,BI103202,kmeans,kmeans_a100,jax,a100,3000000,,64,20,,,0,25.362853018101305,21.481188151054084,0.8175858261529356,,4543.0,pass,inertia=1.87347e+08; gpu_before_mb=0.0,long_safe,kmeans_a100__d-64__dtype-float32__estimated_gpu_gib-3.254__estimated_host_gib-1.431__k-20__max_iter-20__n-3000000__profile-long_safe__repeat-3__run_id-long_safe_20260503_190133__seed-0__transfer_included-True,,1.431,3.254,,,float32,True,20,
long_safe_20260503_190133,2026-05-03T20:07:45+0800,linux_server_a100,BI103202,kmeans,kmeans_a100,jax,a100,3000000,,64,20,,,1,27.153479328844696,21.095602083951235,0.8481228130403906,,4543.0,pass,inertia=1.87312e+08; gpu_before_mb=0.0,long_safe,kmeans_a100__d-64__dtype-float32__estimated_gpu_gib-3.254__estimated_host_gib-1.431__k-20__max_iter-20__n-3000000__profile-long_safe__repeat-3__run_id-long_safe_20260503_190133__seed-1__transfer_included-True,,1.431,3.254,,,float32,True,20,
long_safe_20260503_190133,2026-05-03T20:09:25+0800,linux_server_a100,BI103202,kmeans,kmeans_a100,jax,a100,3000000,,64,20,,,2,28.340767252258956,20.722382102161646,0.8631545486859977,,4543.0,pass,inertia=1.8737e+08; gpu_before_mb=0.0,long_safe,kmeans_a100__d-64__dtype-float32__estimated_gpu_gib-3.254__estimated_host_gib-1.431__k-20__max_iter-20__n-3000000__profile-long_safe__repeat-3__run_id-long_safe_20260503_190133__seed-2__transfer_included-True,,1.431,3.254,,,float32,True,20,
long_safe_20260503_190133,2026-05-03T20:11:07+0800,linux_server_a100,BI103202,kmeans,kmeans_a100,jax,a100,3000000,,64,50,,,0,25.559465921949595,22.17845491413027,0.24819356692023575,,4543.0,pass,inertia=1.85107e+08; gpu_before_mb=0.0,long_safe,kmeans_a100__d-64__dtype-float32__estimated_gpu_gib-5.132__estimated_host_gib-1.431__k-50__max_iter-20__n-3000000__profile-long_safe__repeat-3__run_id-long_safe_20260503_190133__seed-0__transfer_included-True,,1.431,5.132,,,float32,True,20,
long_safe_20260503_190133,2026-05-03T20:13:19+0800,linux_server_a100,BI103202,kmeans,kmeans_a100,jax,a100,3000000,,64,50,,,1,41.57937423000112,26.90058094309643,0.5804812132846564,,4543.0,pass,inertia=1.84975e+08; gpu_before_mb=0.0,long_safe,kmeans_a100__d-64__dtype-float32__estimated_gpu_gib-5.132__estimated_host_gib-1.431__k-50__max_iter-20__n-3000000__profile-long_safe__repeat-3__run_id-long_safe_20260503_190133__seed-1__transfer_included-True,,1.431,5.132,,,float32,True,20,
long_safe_20260503_190133,2026-05-03T20:15:20+0800,linux_server_a100,BI103202,kmeans,kmeans_a100,jax,a100,3000000,,64,50,,,2,38.30230598989874,24.514164467342198,0.4300686602946371,,4543.0,pass,inertia=1.8479e+08; gpu_before_mb=0.0,long_safe,kmeans_a100__d-64__dtype-float32__estimated_gpu_gib-5.132__estimated_host_gib-1.431__k-50__max_iter-20__n-3000000__profile-long_safe__repeat-3__run_id-long_safe_20260503_190133__seed-2__transfer_included-True,,1.431,5.132,,,float32,True,20,
long_safe_20260503_190133,2026-05-03T20:24:28+0800,linux_server_a100,BI103202,kmeans,kmeans_a100,jax,a100,3000000,,256,5,,,0,123.35732440417632,132.24991638818756,13.489205138757825,,16829.0,pass,inertia=7.66105e+08; gpu_before_mb=0.0,long_safe,kmeans_a100__d-256__dtype-float32__estimated_gpu_gib-8.324__estimated_host_gib-5.722__k-5__max_iter-20__n-3000000__profile-long_safe__repeat-3__run_id-long_safe_20260503_190133__seed-0__transfer_included-True,,5.722,8.324,,,float32,True,20,
long_safe_20260503_190133,2026-05-03T20:30:55+0800,linux_server_a100,BI103202,kmeans,kmeans_a100,jax,a100,3000000,,256,5,,,1,88.11899668164551,83.26952520618215,16.27722763689235,,16829.0,pass,inertia=7.66138e+08; gpu_before_mb=0.0,long_safe,kmeans_a100__d-256__dtype-float32__estimated_gpu_gib-8.324__estimated_host_gib-5.722__k-5__max_iter-20__n-3000000__profile-long_safe__repeat-3__run_id-long_safe_20260503_190133__seed-1__transfer_included-True,,5.722,8.324,,,float32,True,20,
long_safe_20260503_190133,2026-05-03T20:37:27+0800,linux_server_a100,BI103202,kmeans,kmeans_a100,jax,a100,3000000,,256,5,,,2,101.68476064270362,86.51308768894523,5.619171875296161,,16829.0,pass,inertia=7.65991e+08; gpu_before_mb=0.0,long_safe,kmeans_a100__d-256__dtype-float32__estimated_gpu_gib-8.324__estimated_host_gib-5.722__k-5__max_iter-20__n-3000000__profile-long_safe__repeat-3__run_id-long_safe_20260503_190133__seed-2__transfer_included-True,,5.722,8.324,,,float32,True,20,
long_safe_20260503_190133,2026-05-03T20:45:34+0800,linux_server_a100,BI103202,kmeans,kmeans_a100,jax,a100,3000000,,256,20,,,0,92.30430846009403,132.58629204612225,15.14790753251873,,16829.0,pass,inertia=7.63622e+08; gpu_before_mb=0.0,long_safe,kmeans_a100__d-256__dtype-float32__estimated_gpu_gib-9.263__estimated_host_gib-5.722__k-20__max_iter-20__n-3000000__profile-long_safe__repeat-3__run_id-long_safe_20260503_190133__seed-0__transfer_included-True,,5.722,9.263,,,float32,True,20,
long_safe_20260503_190133,2026-05-03T20:52:22+0800,linux_server_a100,BI103202,kmeans,kmeans_a100,jax,a100,3000000,,256,20,,,1,90.48799785925075,88.27044829679653,16.75931426999159,,16829.0,pass,inertia=7.63606e+08; gpu_before_mb=0.0,long_safe,kmeans_a100__d-256__dtype-float32__estimated_gpu_gib-9.263__estimated_host_gib-5.722__k-20__max_iter-20__n-3000000__profile-long_safe__repeat-3__run_id-long_safe_20260503_190133__seed-1__transfer_included-True,,5.722,9.263,,,float32,True,20,
long_safe_20260503_190133,2026-05-03T20:57:36+0800,linux_server_a100,BI103202,kmeans,kmeans_a100,jax,a100,3000000,,256,20,,,2,75.5664538377896,71.85239252215251,1.5494070185814053,,16829.0,pass,inertia=7.63707e+08; gpu_before_mb=0.0,long_safe,kmeans_a100__d-256__dtype-float32__estimated_gpu_gib-9.263__estimated_host_gib-5.722__k-20__max_iter-20__n-3000000__profile-long_safe__repeat-3__run_id-long_safe_20260503_190133__seed-2__transfer_included-True,,5.722,9.263,,,float32,True,20,
long_safe_20260503_190133,2026-05-03T21:02:54+0800,linux_server_a100,BI103202,kmeans,kmeans_a100,jax,a100,3000000,,256,50,,,0,77.65120462467894,72.01003649970517,1.8957150753121823,,16829.0,pass,inertia=7.62312e+08; gpu_before_mb=0.0,long_safe,kmeans_a100__d-256__dtype-float32__estimated_gpu_gib-11.14__estimated_host_gib-5.722__k-50__max_iter-20__n-3000000__profile-long_safe__repeat-3__run_id-long_safe_20260503_190133__seed-0__transfer_included-True,,5.722,11.14,,,float32,True,20,
long_safe_20260503_190133,2026-05-03T21:09:18+0800,linux_server_a100,BI103202,kmeans,kmeans_a100,jax,a100,3000000,,256,50,,,1,90.67511539068073,88.01851509697735,7.392585357418284,,16829.0,pass,inertia=7.6216e+08; gpu_before_mb=0.0,long_safe,kmeans_a100__d-256__dtype-float32__estimated_gpu_gib-11.14__estimated_host_gib-5.722__k-50__max_iter-20__n-3000000__profile-long_safe__repeat-3__run_id-long_safe_20260503_190133__seed-1__transfer_included-True,,5.722,11.14,,,float32,True,20,
long_safe_20260503_190133,2026-05-03T21:15:43+0800,linux_server_a100,BI103202,kmeans,kmeans_a100,jax,a100,3000000,,256,50,,,2,91.11474733892828,90.02269795816392,0.4502888568677008,,16829.0,pass,inertia=7.62243e+08; gpu_before_mb=0.0,long_safe,kmeans_a100__d-256__dtype-float32__estimated_gpu_gib-11.14__estimated_host_gib-5.722__k-50__max_iter-20__n-3000000__profile-long_safe__repeat-3__run_id-long_safe_20260503_190133__seed-2__transfer_included-True,,5.722,11.14,,,float32,True,20,
long_safe_20260503_190133,2026-05-03T21:16:20+0800,linux_server_a100,BI103202,kmeans,kmeans_a100,jax,a100,5000000,,10,5,,,0,9.969736411701888,7.688214090652764,0.6744077797047794,,2493.0,pass,inertia=4.71346e+07; gpu_before_mb=0.0,long_safe,kmeans_a100__d-10__dtype-float32__estimated_gpu_gib-1.043__estimated_host_gib-0.373__k-5__max_iter-20__n-5000000__profile-long_safe__repeat-3__run_id-long_safe_20260503_190133__seed-0__transfer_included-True,,0.373,1.043,,,float32,True,20,
long_safe_20260503_190133,2026-05-03T21:16:57+0800,linux_server_a100,BI103202,kmeans,kmeans_a100,jax,a100,5000000,,10,5,,,1,9.492484825197607,6.202734204940498,0.08745847479440272,,2493.0,pass,inertia=4.79787e+07; gpu_before_mb=0.0,long_safe,kmeans_a100__d-10__dtype-float32__estimated_gpu_gib-1.043__estimated_host_gib-0.373__k-5__max_iter-20__n-5000000__profile-long_safe__repeat-3__run_id-long_safe_20260503_190133__seed-1__transfer_included-True,,0.373,1.043,,,float32,True,20,
long_safe_20260503_190133,2026-05-03T21:17:34+0800,linux_server_a100,BI103202,kmeans,kmeans_a100,jax,a100,5000000,,10,5,,,2,9.833513655234128,6.146512987092137,0.0191623424179852,,2493.0,pass,inertia=4.47957e+07; gpu_before_mb=0.0,long_safe,kmeans_a100__d-10__dtype-float32__estimated_gpu_gib-1.043__estimated_host_gib-0.373__k-5__max_iter-20__n-5000000__profile-long_safe__repeat-3__run_id-long_safe_20260503_190133__seed-2__transfer_included-True,,0.373,1.043,,,float32,True,20,
long_safe_20260503_190133,2026-05-03T21:18:19+0800,linux_server_a100,BI103202,kmeans,kmeans_a100,jax,a100,5000000,,10,20,,,0,12.852911457885057,8.446615995373577,0.7812661326024681,,2493.0,pass,inertia=4.10939e+07; gpu_before_mb=0.0,long_safe,kmeans_a100__d-10__dtype-float32__estimated_gpu_gib-2.608__estimated_host_gib-0.373__k-20__max_iter-20__n-5000000__profile-long_safe__repeat-3__run_id-long_safe_20260503_190133__seed-0__transfer_included-True,,0.373,2.608,,,float32,True,20,
long_safe_20260503_190133,2026-05-03T21:18:58+0800,linux_server_a100,BI103202,kmeans,kmeans_a100,jax,a100,5000000,,10,20,,,1,10.987571949139237,6.920253896154463,0.21770505234599113,,2493.0,pass,inertia=4.15431e+07; gpu_before_mb=0.0,long_safe,kmeans_a100__d-10__dtype-float32__estimated_gpu_gib-2.608__estimated_host_gib-0.373__k-20__max_iter-20__n-5000000__profile-long_safe__repeat-3__run_id-long_safe_20260503_190133__seed-1__transfer_included-True,,0.373,2.608,,,float32,True,20,
long_safe_20260503_190133,2026-05-03T21:19:46+0800,linux_server_a100,BI103202,kmeans,kmeans_a100,jax,a100,5000000,,10,20,,,2,13.332808991894126,8.541203337721527,0.33602798799984157,,2493.0,pass,inertia=3.93263e+07; gpu_before_mb=0.0,long_safe,kmeans_a100__d-10__dtype-float32__estimated_gpu_gib-2.608__estimated_host_gib-0.373__k-20__max_iter-20__n-5000000__profile-long_safe__repeat-3__run_id-long_safe_20260503_190133__seed-2__transfer_included-True,,0.373,2.608,,,float32,True,20,
long_safe_20260503_190133,2026-05-03T21:20:32+0800,linux_server_a100,BI103202,kmeans,kmeans_a100,jax,a100,5000000,,10,50,,,0,13.155062148347497,8.722785389050841,0.7665657489560544,,4541.0,pass,inertia=3.74725e+07; gpu_before_mb=0.0,long_safe,kmeans_a100__d-10__dtype-float32__estimated_gpu_gib-5.737__estimated_host_gib-0.373__k-50__max_iter-20__n-5000000__profile-long_safe__repeat-3__run_id-long_safe_20260503_190133__seed-0__transfer_included-True,,0.373,5.737,,,float32,True,20,
long_safe_20260503_190133,2026-05-03T21:21:08+0800,linux_server_a100,BI103202,kmeans,kmeans_a100,jax,a100,5000000,,10,50,,,1,11.110809247009456,6.7929595350287855,0.4233238457236439,,4541.0,pass,inertia=3.6483e+07; gpu_before_mb=0.0,long_safe,kmeans_a100__d-10__dtype-float32__estimated_gpu_gib-5.737__estimated_host_gib-0.373__k-50__max_iter-20__n-5000000__profile-long_safe__repeat-3__run_id-long_safe_20260503_190133__seed-1__transfer_included-True,,0.373,5.737,,,float32,True,20,
long_safe_20260503_190133,2026-05-03T21:21:51+0800,linux_server_a100,BI103202,kmeans,kmeans_a100,jax,a100,5000000,,10,50,,,2,12.988774516619742,8.134865621104836,0.606593688717112,,4541.0,pass,inertia=3.67519e+07; gpu_before_mb=0.0,long_safe,kmeans_a100__d-10__dtype-float32__estimated_gpu_gib-5.737__estimated_host_gib-0.373__k-50__max_iter-20__n-5000000__profile-long_safe__repeat-3__run_id-long_safe_20260503_190133__seed-2__transfer_included-True,,0.373,5.737,,,float32,True,20,
long_safe_20260503_190133,2026-05-03T21:25:53+0800,linux_server_a100,BI103202,kmeans,kmeans_a100,jax,a100,5000000,,64,5,,,0,59.59912824817002,58.321065614931285,16.490943862125278,,8637.0,pass,inertia=3.16921e+08; gpu_before_mb=0.0,long_safe,kmeans_a100__d-64__dtype-float32__estimated_gpu_gib-3.859__estimated_host_gib-2.384__k-5__max_iter-20__n-5000000__profile-long_safe__repeat-3__run_id-long_safe_20260503_190133__seed-0__transfer_included-True,,2.384,3.859,,,float32,True,20,
long_safe_20260503_190133,2026-05-03T21:29:28+0800,linux_server_a100,BI103202,kmeans,kmeans_a100,jax,a100,5000000,,64,5,,,1,63.57181828888133,46.36225573765114,7.891552604967728,,8637.0,pass,inertia=3.16764e+08; gpu_before_mb=0.0,long_safe,kmeans_a100__d-64__dtype-float32__estimated_gpu_gib-3.859__estimated_host_gib-2.384__k-5__max_iter-20__n-5000000__profile-long_safe__repeat-3__run_id-long_safe_20260503_190133__seed-1__transfer_included-True,,2.384,3.859,,,float32,True,20,
long_safe_20260503_190133,2026-05-03T21:34:07+0800,linux_server_a100,BI103202,kmeans,kmeans_a100,jax,a100,5000000,,64,5,,,2,72.19262079987675,66.42444083793089,7.7344830457586795,,8637.0,pass,inertia=3.16051e+08; gpu_before_mb=0.0,long_safe,kmeans_a100__d-64__dtype-float32__estimated_gpu_gib-3.859__estimated_host_gib-2.384__k-5__max_iter-20__n-5000000__profile-long_safe__repeat-3__run_id-long_safe_20260503_190133__seed-2__transfer_included-True,,2.384,3.859,,,float32,True,20,
long_safe_20260503_190133,2026-05-03T21:36:28+0800,linux_server_a100,BI103202,kmeans,kmeans_a100,jax,a100,5000000,,64,20,,,0,33.289044805336744,31.387218268588185,2.1072388645261526,,8637.0,pass,inertia=3.12475e+08; gpu_before_mb=0.0,long_safe,kmeans_a100__d-64__dtype-float32__estimated_gpu_gib-5.424__estimated_host_gib-2.384__k-20__max_iter-20__n-5000000__profile-long_safe__repeat-3__run_id-long_safe_20260503_190133__seed-0__transfer_included-True,,2.384,5.424,,,float32,True,20,
long_safe_20260503_190133,2026-05-03T21:38:47+0800,linux_server_a100,BI103202,kmeans,kmeans_a100,jax,a100,5000000,,64,20,,,1,33.56009640498087,32.96327572502196,1.5184897414874285,,8637.0,pass,inertia=3.1193e+08; gpu_before_mb=0.0,long_safe,kmeans_a100__d-64__dtype-float32__estimated_gpu_gib-5.424__estimated_host_gib-2.384__k-20__max_iter-20__n-5000000__profile-long_safe__repeat-3__run_id-long_safe_20260503_190133__seed-1__transfer_included-True,,2.384,5.424,,,float32,True,20,
long_safe_20260503_190133,2026-05-03T21:42:08+0800,linux_server_a100,BI103202,kmeans,kmeans_a100,jax,a100,5000000,,64,20,,,2,52.44979901704937,46.1988317547366,1.2561160975601524,,8637.0,pass,inertia=3.12058e+08; gpu_before_mb=0.0,long_safe,kmeans_a100__d-64__dtype-float32__estimated_gpu_gib-5.424__estimated_host_gib-2.384__k-20__max_iter-20__n-5000000__profile-long_safe__repeat-3__run_id-long_safe_20260503_190133__seed-2__transfer_included-True,,2.384,5.424,,,float32,True,20,
long_safe_20260503_190133,2026-05-03T21:44:53+0800,linux_server_a100,BI103202,kmeans,kmeans_a100,jax,a100,5000000,,64,50,,,0,51.56882359134033,32.30787491798401,3.7510752512607723,,8637.0,pass,inertia=3.08784e+08; gpu_before_mb=0.0,long_safe,kmeans_a100__d-64__dtype-float32__estimated_gpu_gib-8.553__estimated_host_gib-2.384__k-50__max_iter-20__n-5000000__profile-long_safe__repeat-3__run_id-long_safe_20260503_190133__seed-0__transfer_included-True,,2.384,8.553,,,float32,True,20,
long_safe_20260503_190133,2026-05-03T21:48:58+0800,linux_server_a100,BI103202,kmeans,kmeans_a100,jax,a100,5000000,,64,50,,,1,57.05184532888234,55.89941377332434,2.22014576010406,,8637.0,pass,inertia=3.08321e+08; gpu_before_mb=0.0,long_safe,kmeans_a100__d-64__dtype-float32__estimated_gpu_gib-8.553__estimated_host_gib-2.384__k-50__max_iter-20__n-5000000__profile-long_safe__repeat-3__run_id-long_safe_20260503_190133__seed-1__transfer_included-True,,2.384,8.553,,,float32,True,20,
long_safe_20260503_190133,2026-05-03T21:54:00+0800,linux_server_a100,BI103202,kmeans,kmeans_a100,jax,a100,5000000,,64,50,,,2,86.86315320292488,67.16309019876644,1.0958938845433295,,8637.0,pass,inertia=3.08661e+08; gpu_before_mb=0.0,long_safe,kmeans_a100__d-64__dtype-float32__estimated_gpu_gib-8.553__estimated_host_gib-2.384__k-50__max_iter-20__n-5000000__profile-long_safe__repeat-3__run_id-long_safe_20260503_190133__seed-2__transfer_included-True,,2.384,8.553,,,float32,True,20,
long_safe_20260503_190133,2026-05-03T22:04:45+0800,linux_server_a100,BI103202,kmeans,kmeans_a100,jax,a100,5000000,,256,5,,,0,171.9580595525913,144.45127763412893,7.629140192177147,,33213.0,pass,inertia=1.27719e+09; gpu_before_mb=0.0,long_safe,kmeans_a100__d-256__dtype-float32__estimated_gpu_gib-13.873__estimated_host_gib-9.537__k-5__max_iter-20__n-5000000__profile-long_safe__repeat-3__run_id-long_safe_20260503_190133__seed-0__transfer_included-True,,9.537,13.873,,,float32,True,20,
long_safe_20260503_190133,2026-05-03T22:19:56+0800,linux_server_a100,BI103202,kmeans,kmeans_a100,jax,a100,5000000,,256,5,,,1,281.05918493680656,203.8132179430686,24.171479801647365,,33213.0,pass,inertia=1.27679e+09; gpu_before_mb=0.0,long_safe,kmeans_a100__d-256__dtype-float32__estimated_gpu_gib-13.873__estimated_host_gib-9.537__k-5__max_iter-20__n-5000000__profile-long_safe__repeat-3__run_id-long_safe_20260503_190133__seed-1__transfer_included-True,,9.537,13.873,,,float32,True,20,
long_safe_20260503_190133,2026-05-03T22:36:32+0800,linux_server_a100,BI103202,kmeans,kmeans_a100,jax,a100,5000000,,256,5,,,2,260.7692139390856,244.83369797002524,29.311524086399004,,33213.0,pass,inertia=1.27683e+09; gpu_before_mb=0.0,long_safe,kmeans_a100__d-256__dtype-float32__estimated_gpu_gib-13.873__estimated_host_gib-9.537__k-5__max_iter-20__n-5000000__profile-long_safe__repeat-3__run_id-long_safe_20260503_190133__seed-2__transfer_included-True,,9.537,13.873,,,float32,True,20,
long_safe_20260503_190133,2026-05-03T22:49:33+0800,linux_server_a100,BI103202,kmeans,kmeans_a100,jax,a100,5000000,,256,20,,,0,179.2390168029815,194.17895828466862,36.50591747928411,,33213.0,pass,inertia=1.27243e+09; gpu_before_mb=0.0,long_safe,kmeans_a100__d-256__dtype-float32__estimated_gpu_gib-15.438__estimated_host_gib-9.537__k-20__max_iter-20__n-5000000__profile-long_safe__repeat-3__run_id-long_safe_20260503_190133__seed-0__transfer_included-True,,9.537,15.438,,,float32,True,20,
long_safe_20260503_190133,2026-05-03T23:02:39+0800,linux_server_a100,BI103202,kmeans,kmeans_a100,jax,a100,5000000,,256,20,,,1,241.7149238921702,158.0274979318492,25.064270343864337,,33213.0,pass,inertia=1.27272e+09; gpu_before_mb=0.0,long_safe,kmeans_a100__d-256__dtype-float32__estimated_gpu_gib-15.438__estimated_host_gib-9.537__k-20__max_iter-20__n-5000000__profile-long_safe__repeat-3__run_id-long_safe_20260503_190133__seed-1__transfer_included-True,,9.537,15.438,,,float32,True,20,
long_safe_20260503_190133,2026-05-03T23:22:03+0800,linux_server_a100,BI103202,kmeans,kmeans_a100,jax,a100,5000000,,256,20,,,2,267.4726616111584,289.0797015898861,18.689958520466462,,33213.0,pass,inertia=1.27279e+09; gpu_before_mb=0.0,long_safe,kmeans_a100__d-256__dtype-float32__estimated_gpu_gib-15.438__estimated_host_gib-9.537__k-20__max_iter-20__n-5000000__profile-long_safe__repeat-3__run_id-long_safe_20260503_190133__seed-2__transfer_included-True,,9.537,15.438,,,float32,True,20,
long_safe_20260503_190133,2026-05-03T23:40:54+0800,linux_server_a100,BI103202,kmeans,kmeans_a100,jax,a100,5000000,,256,50,,,0,358.87151402886957,222.98482007579878,46.41400990751572,,33213.0,pass,inertia=1.27028e+09; gpu_before_mb=0.0,long_safe,kmeans_a100__d-256__dtype-float32__estimated_gpu_gib-18.567__estimated_host_gib-9.537__k-50__max_iter-20__n-5000000__profile-long_safe__repeat-3__run_id-long_safe_20260503_190133__seed-0__transfer_included-True,,9.537,18.567,,,float32,True,20,
long_safe_20260503_190133,2026-05-03T23:58:09+0800,linux_server_a100,BI103202,kmeans,kmeans_a100,jax,a100,5000000,,256,50,,,1,232.1529752407223,252.3713768599555,48.479224768001586,,33213.0,pass,inertia=1.27048e+09; gpu_before_mb=0.0,long_safe,kmeans_a100__d-256__dtype-float32__estimated_gpu_gib-18.567__estimated_host_gib-9.537__k-50__max_iter-20__n-5000000__profile-long_safe__repeat-3__run_id-long_safe_20260503_190133__seed-1__transfer_included-True,,9.537,18.567,,,float32,True,20,
long_safe_20260503_190133,2026-05-04T00:12:04+0800,linux_server_a100,BI103202,kmeans,kmeans_a100,jax,a100,5000000,,256,50,,,2,158.70528056379408,212.88019952876493,31.217270418070257,,33213.0,pass,inertia=1.27036e+09; gpu_before_mb=0.0,long_safe,kmeans_a100__d-256__dtype-float32__estimated_gpu_gib-18.567__estimated_host_gib-9.537__k-50__max_iter-20__n-5000000__profile-long_safe__repeat-3__run_id-long_safe_20260503_190133__seed-2__transfer_included-True,,9.537,18.567,,,float32,True,20,
